model,dataset,accuracy,precision,recall,f1_macro,train_time,inference_time,n_parameters
CNN,ECG200,0.82,0.8284823284823285,0.7743055555555556,0.7896213183730716,10.475796937942505,0.16733407974243164,140866
LSTM,ECG200,0.77,0.7533894343151005,0.7352430555555556,0.74189204354169,3.5598320960998535,0.023608922958374023,54722
RNN,ECG200,0.84,0.8327205882352942,0.8142361111111112,0.82174688057041,7.239400148391724,0.03879499435424805,108610
VAE,ECG200,0.76,0.7397504456327986,0.7335069444444444,0.7362637362637363,1.974181890487671,0.014439821243286133,20450
