,accuracy,accuracy,accuracy,accuracy,f1_macro,f1_macro,f1_macro,f1_macro,train_time,train_time,train_time,train_time,inference_time,inference_time,inference_time,inference_time
,mean,std,min,max,mean,std,min,max,mean,std,min,max,mean,std,min,max
model,,,,,,,,,,,,,,,,
CNN,0.7975,0.026299556396765778,0.77,0.82,0.7715887212073254,0.03793878444773881,0.7178260336155073,0.8046875,15.665566682815552,13.991590834762517,4.168804883956909,36.028908014297485,0.2594473958015442,0.2545267105834119,0.053501129150390625,0.631000280380249
LSTM,0.7525,0.012583057392117921,0.74,0.77,0.723385286510732,0.0134511458992366,0.7103464256748928,0.74189204354169,3.3431825637817383,1.5422295973407436,1.880364179611206,5.410596132278442,0.02575892210006714,0.012765089649603283,0.013481855392456055,0.04368281364440918
RNN,0.81,0.04242640687119287,0.75,0.84,0.7877585957495463,0.04574185364295718,0.7234207323819006,0.82174688057041,6.772667646408081,3.5171493590528544,3.304643154144287,11.46409010887146,0.0490989089012146,0.034281739792755825,0.01982593536376953,0.09871578216552734
VAE,0.7150000000000001,0.04654746681256308,0.67,0.76,0.6779990436966778,0.05807934928549105,0.6239316239316239,0.7362637362637363,1.7381612658500671,0.2650029472599446,1.503695011138916,1.974181890487671,0.011645197868347168,0.003091748897431182,0.00877070426940918,0.014439821243286133
